{
    "smape": 2.5214614161128743,
    "mda": 54.90196078431373,
    "mae": 15.901215191046076,
    "rmse": 21.24229730436104
}