{
    "smape": 1.2717726392482844,
    "mda": 43.13725490196079,
    "mae": 10.797152582707627,
    "rmse": 13.84498581153023
}