{
    "smape": 1.0029345733077355,
    "mda": 54.90196078431373,
    "mae": 8.523499188717144,
    "rmse": 10.975936000548879
}