{
    "smape": 1.2186349512124686,
    "mda": 41.17647058823529,
    "mae": 10.393043721228928,
    "rmse": 13.444692410583004
}