{
    "smape": 2.64460073169207,
    "mda": 50.98039215686274,
    "mae": 16.74691628802394,
    "rmse": 22.183582383209963
}