{
    "smape": 2.6174518333687526,
    "mda": 54.90196078431373,
    "mae": 16.731042679711017,
    "rmse": 22.109695717287156
}