{
    "smape": 2.6582020471778347,
    "mda": 54.90196078431373,
    "mae": 16.952009198319008,
    "rmse": 22.866936057643088
}