{
    "smape": 3.469690256004846,
    "mda": 52.94117647058824,
    "mae": 22.651944055985567,
    "rmse": 29.360039523338166
}