{
    "smape": 10.41480003647588,
    "mda": 45.09803921568628,
    "mae": 69.68054089342667,
    "rmse": 76.2711344086826
}