{
    "smape": 3.4860227045210674,
    "mda": 25.49019607843137,
    "mae": 29.506030859696317,
    "rmse": 33.36346548704443
}