{
    "smape": 2.7669769965285274,
    "mda": 45.09803921568628,
    "mae": 17.488003090449602,
    "rmse": 22.80155335270127
}