{
    "smape": 2.762323785469994,
    "mda": 56.64739884393064,
    "mae": 19.162444513509186,
    "rmse": 26.078294807812053
}