{
    "smape": 2.4513362482270615,
    "mda": 62.745098039215684,
    "mae": 15.481713100561588,
    "rmse": 20.7585340622117
}