{
    "smape": 1.1108367755011654,
    "mda": 52.94117647058824,
    "mae": 9.422104889718865,
    "rmse": 12.30669047934602
}