{
    "smape": 2.4145829716384126,
    "mda": 57.692307692307686,
    "mae": 15.30401981034068,
    "rmse": 21.05552445883282
}