{
    "smape": 1.4573184637763896,
    "mda": 57.80346820809249,
    "mae": 13.261570613988143,
    "rmse": 17.98644445118155
}