{
    "smape": 0.979901151860374,
    "mda": 50.98039215686274,
    "mae": 8.331458709649006,
    "rmse": 11.1403598248068
}