{
    "smape": 1.0771556580883517,
    "mda": 50.0,
    "mae": 9.179447575949846,
    "rmse": 12.181395613298143
}