{
    "smape": 0.9810751025599317,
    "mda": 52.94117647058824,
    "mae": 8.373943362082297,
    "rmse": 10.81608830277774
}