{
    "smape": 3.478619999739079,
    "mda": 31.372549019607842,
    "mae": 29.514430082304216,
    "rmse": 37.87382244357437
}